Brand,Title,Description,Posted_date,End_date,Comments_count,Bookmarks_count,Shares_count
ClubMonaco,Extra 30% Off + Up to 60% Off Sale @Club Monaco,"Club Monaco offers an extra 30% off + Up to 60% Off Sale.
Free shipping on orders over $150.
$62.30 $189.50
Club Monaco Prudeen Pant
$69.30 $179.50
Club Monaco Robetta Skirt
$125.30 $229.00
Club Monaco Jessyn Colorblock Pant",06/24/2019,,4,45,18
ClubMonaco,Up to 60% off + extra 30% Off Men‘s Sale @Club Monaco,"Club Monaco offers an Men‘s Sale Up to 60% off + extra 30% off.
Free shipping on orders over $150.
$55.30 $98.50
Club Monaco Slim Linen Shirt
$41.30 $79.50
Club Monaco Slim Short-Sleeve Floral Shirt
$55.30 $98.50
Club Monaco Slim Slub Chambray Shirt",06/13/2019,,,4,6
ClubMonaco,Shop Steals Summer Essentials @Club Monaco,"Club Monaco offers shop steals Summer Essentials.
Free shipping on orders over $150.
$119.00 $179.50
Club Monaco Lettee Cotton Skirt
$99.00 $198.50
Club Monaco Wikendah Dress
$79.00 $169.50
Club Monaco Jalilla Skirt",06/07/2019,,2,9,2
ClubMonaco,Expired 20% Off Pants Sale @Club Monaco,"Club Monaco offers 20% off Bottoms Sale.
Free shipping on orders over $150.
$143.20 $229.00
Club Monaco Jessyn Colorblock Pant
$71.20 $189.50
Club Monaco Prudeen Pant
$119.20 $188.00
Club Monaco Yunii Pant",06/01/2019,,1,9,3
ClubMonaco,Expired Up to 50% off +Extra 20% off Women Bottoms @Club Monaco,"Club Monaco offers Women Bottoms. Up to 50% off + Extra 20% off. 
Free shipping on orders over $150.
  Credit to: @alyssainthecity / clubmonaco offical ins.
$63.20 $149.50
Club Monaco Remi Pant
$63.60 $79.50
Club Monaco Ashantii Short
$71.20 $169.50
Club Monaco Sveinn Pant",05/31/2019,,,9,2
ClubMonaco,Expired Last Day: 25% off Your purchase @Club Monaco,"Club Monaco offers 25% off Your purchase via coupon code ""SUMMERTIME"".
Free shipping on orders over $150, via coupon code ""FREESHIP"".
Deal ends 5/27.
Sale
New arrivals
Sale
$134.25 $279.00
Club Monaco Claudine Trench
Sale
$134.25 $229.00
Club Monaco Jessyn Colorblock Pant
Sale
$74.25 $179.50
Club Monaco Robetta Skirt",05/28/2019,05/27/2019,4,22,10
ClubMonaco,New Styles Added! Sale @Club Monaco,"Club Monaco offers new styles added Sale.
Free shipping on orders over $150, via coupon code ""FREESHIP"".
$179.00 $229.00
Club Monaco Jessyn Colorblock Pant
$229.00 $289.00
Club Monaco Symone Jumpsuit
$139.00 $198.50
Club Monaco Cahdell Romper",05/17/2019,,2,14,1
ClubMonaco,Expired Extra 30% Off Mid-Season Sale @ Club Monaco,"Club Monaco offers an extra 30% off Mid-Season Sale.
Free shipping on orders over $150 via coupon code ""FREESHIP"".
Deal ends 4/29 20:59.
Hot
Sale
man
Hot
$118.30 $229.00
Yolande Pant
Hot
$160.30 $279.00
Claudine Trench
Hot
$76.30 $149.00
Club Monaco Hylda Silk Top",04/30/2019,04/29/2019,70,366,124
ClubMonaco,Expired 20% Off Bottoms Sale @Club Monaco,"Club Monaco offers 20% off Bottoms Sale.
Free shipping on orders over $150, via coupon code ""FREESHIP"".
Deal ends 4/14.
$95.20 $198.50
Prudeen Pant
$183.20 $229.00
Jessyn Colorblock Pant
$135.60 $169.50
Club Monaco Anreannah Pant",04/14/2019,04/14/2019,3,56,13
ClubMonaco,Expired 20% Off Spring Favorites @Club Monaco,"Club Monaco offers 20% off Spring Favorites. (No code needed)
Free shipping on orders over $150, via coupon code ""FREESHIP"".
Deal ends 4/7.
$183.20 $229.00
Club Monaco Ceithan Dress
$111.60 $139.50
Club Monaco Tegen Shirt
$263.20 $329.00
Club Monaco Matie Trench",04/05/2019,04/07/2019,,6,3
ClubMonaco,Expired Get 25% Off Purchase of $150+ @ Club Monaco,"Club Monaco offers 25% off Purchase of $150+ via coupon code ""HELLOSPRING"".
Free shipping on orders over $150 via coupon code ""FREESHIP"".
Deal ends 4/1 23:59.
$148.88 $198.50
Club Monaco Pritha Dress
$216.75 $289.00
Galadreyel Dress
$142.13 $189.50
Joannah Pant",04/01/2019,04/01/2019,3,40,19
ClubMonaco,Expired Last Day: 25% Off Women's Dresses & Jumpsuits + Men's Shirts @ Club Monaco,"Club Monaco offers women's dresses & jumpsuits and men's shirts 25% off.
Shipping fee is $5 or free shipping on $150 or more with code FREESHIP.
Deal ends 3/25 23:59.
dress、jumpsuit
shirts
dress、jumpsuit
$209.25 $279.00
Club Monaco Veronikah Jumpsuit
dress、jumpsuit
$186.75 $249.00
Club Monaco Akinya Jumpsuit
dress、jumpsuit
$201.75 $269.00
Club Monaco Lynall Jumpsuit",03/25/2019,03/25/2019,4,7,15
ClubMonaco,Expired Extra 30% Off Sale Styles @ Club Monaco,"Club Monaco offers an extra 30% off Sale Styles.
Free shipping on orders over $150 via coupon code ""FREESHIP"".
Deal ends 3/17 23:59.
$104.30 $188.00
Sybill Pant
$97.30 $175.00
Club Monaco Teenie Sweater
$125.30 $198.50
Club Monaco Borrem Pant",03/16/2019,03/17/2019,2,20,7
ClubMonaco,Expired 25% off Full price purchase @Club Monaco,"Club Monaco offers 25% off full price purchase. via coupon code ""25OFF"".
Free shipping on orders over $150,  via coupon code ""FREESHIP"".
$119.63 $159.50
Helek Silk Shirt
$171.75 $229.00
Jessyn Colorblock Pant
$246.75 $329.00
Club Monaco Matie Trench",03/10/2019,,2,40,12
ClubMonaco,Expired Up To 60% Off Tops Sale @Club Monaco,"Club Monaco offers up to 60% off Tops Sale.
Free shipping on orders over $150, via coupon code ""FREESHIP"".
$79.00 $168.00
Club Monaco Rodvak Silk Top
$119.00 $148.00
Club Monaco Jadyn Shirt
$49.00 $139.50
Club Monaco Philli Shirt",03/01/2019,,1,8,6
ClubMonaco,Expired 25% Off Bottoms Sale @ Club Monaco,"Club Monaco offers 25% off bottoms sale 
Free shipping on orders over $150, via coupon code ""FREESHIP"".
Deal ends 2/25 23:59.
$111.75 $179.50
Club Monaco Tilli Skirt
$97.13 $129.50
Annabellah Sweatpant
$171.75 $229.00
Yolande Pant",02/25/2019,02/25/2019,5,65,22
ClubMonaco,Expired Last Day: 25% Off Your Purchase,"Club Monaco offers 25% off Your Purchase. via coupon code ""STARTFRESH"".
Free shipping on orders over $150, via coupon code ""FREESHIP"".
Deal ends 2/18
New Arrivals
Sale
New Arrivals
$209.25 $279.00
Claudine Trench
New Arrivals
$171.75 $229.00
Jessyn Colorblock Pant
New Arrivals
$201.75 $269.00
Club Monaco Teddiko Sweater Dress",02/19/2019,02/18/2019,18,174,28
ClubMonaco,Expired 25% Off Trench Coats and Outwear @,"Club Monaco offers new arrivals! Trench Coats and Outwear.
Plus, get 25% off sitewide, via coupon code ""STARTFRESH"".
Free shipping on orders over $150, via coupon code ""FREESHIP"".
$246.75 $329.00
Club Monaco Matie Trench
$321.75 $429.00
Club Monaco Janney Trench
$149.25 $298.50
Club Monaco Aaylina Trench",02/19/2019,,5,19,11
ClubMonaco,Expired Last Day: 25% Off Sale @Club Monaco,"Club Monaco offers 25% off Sale via coupon code ""STRATFRESH"".
Free shipping on orders over $150, via coupon code ""FREESHIP"".
Deal ends 2/18 23:59.
$89.25 $175.00
Club Monaco Deeyone Sweater
$81.75 $145.00
Club Monaco Carlola Top
$36.75 $89.50
Club Monaco Mackenzie Merino Sweater",02/19/2019,02/18/2019,,16,8
ClubMonaco,Expired Last Day: 25% Off Men's Clothing @ Club Monaco,"Club Monaco offers 25% off Men's Clothing via coupon code ""STARTFRESH"".
Free shipping on orders over $150, via coupon code ""FREESHIP"".
$59.25 $139.50
Club Monaco Twill Stitch Raglan Sweater
$74.25 $139.50
Club Monaco Felted Stripe Mockneck Sweater
$74.25 $129.50
Club Monaco Hoodie",02/19/2019,,2,37,12
ClubMonaco,Expired Extra 40% Off Sale @Club Monaco,"Club Monaco offers an extra 40% off Sale.
Free shipping on orders over $150.
Deal ends 2/3
$233.40 $459.50
Jemma Coat
$59.40 $229.50
Club Monaco Arnettie Sweater Dress
$83.40 $175.00
Club Monaco Teenie Sweater",02/03/2019,02/03/2019,42,241,74
ClubMonaco,Expired Extra 10% Off + Extra 40% Off Sweaters and Outwears @Club Monaco,"Club Monaco offers an extra 10% off + Extra 40% Off Sweaters and Outwears via coupon code ""TAKE10"".
Free shipping on orders over $150, via coupon code ""FREESHIP"".
Deal ends 1/27
$80.46 $188.00
Club Monaco Tinna Sweater
$85.86 $195.00
Club Monaco Rinty Sweater
$188.46 $459.50
Club Monaco Daylina Coat",01/28/2019,01/27/2019,3,19,9
ClubMonaco,Expired Ending Soon: Extra 15% Off +Extra 40% Off Dress Sale @Club Monaco,"Today only!
Club Monaco offers an extra 15% off +Extra 40% Off Dress Sale via coupon code ""TAKE15"".
Free shipping on orders over $150, via coupon code ""FREESHIP"".
Deal ends 1/23 23:59 PST
$50.49 $198.50
Club Monaco Raemi Sweater Dress
$35.19 $228.00
Club Monaco Tamila Sweater Dress
$50.49 $229.50
Club Monaco Arnettie Sweater Dress",01/24/2019,01/23/2019,78,235,101
ClubMonaco,Expired Last Day: Extra 50% Off Sale @ Club Monaco,"Club Monaco offers extra 50% off sale.
Discout in cart.
Free shipping on orders over $150, via coupon code ""FREESHIP"".
Deal ends 1/21
$74.50 $198.50
Club Monaco Raemi Sweater Dress
$174.50 $459.50
Club Monaco Daylina Coat
$74.50 $249.50
Club Monaco Santinah Cashmere Sweater",01/22/2019,01/21/2019,480,2037,821
ClubMonaco,Expired 25% Off Your Purchase @Club Monaco,"Club Monaco offers 25% off Your Purchase via coupon code ""FRIENDS25"".
Free shipping on orders over $150,  via coupon code ""FREESHIP"".
Deal ends 12/9.
Hot!
Sale
New Arrivals
Hot!
$261.75 $459.50
Club Monaco Daylina Coat
Hot!
$261.75 $459.50
Club Monaco Daylina Coat
Hot!
$261.75 $459.50
Club Monaco Daylina Coat",12/10/2018,12/09/2018,8,59,12
ClubMonaco,Expired Last Day: Take an extra 40% off Men's sale styles online only +Get 25% off $150+ 30% off $250+ OR 35% off $400+ @Club Monaco,"Club Monaco offers extra 40% off Men's sale styles.
Get 25% off $150+ purchase; 30% off $250+ purchase; 35% off $400+ purchase via coupon code ""CMCYBERMONDAY18"".
Free shipping on orders over $150, via coupon code ""FREESHIP"".
$29.40 $79.50
Club Monaco Oxford Colorblock Stripe Shirt
$41.40 $89.50
Club Monaco Slim Houndstooth Flannel Shirt
$59.40 $139.50
Club Monaco Merino Wool Crew Sweater",11/28/2018,,8,46,29
ClubMonaco,Expired Last Day: Take an extra 40% off sale styles online only +Get 25% off $150+ 30% off $250+ OR 35% off $400+ @Club Monaco,"Club Monaco offers extra 40% off sale styles.
Get 25% off $150+ purchase; 30% off $250+ purchase; 35% off $400+ purchase via coupon code ""CMCYBERMONDAY18"".
Free shipping on orders over $150, via coupon code ""FREESHIP"".
$48.30 $89.50
Club Monaco Mackenzie Merino Sweater
$29.40 $89.50
Club Monaco Agnes Merino Wool Sweater
$29.40 $148.00
Club Monaco Nechar Top",11/28/2018,,10,123,29
ClubMonaco,Expired Last Day: Take an extra 40% off sale styles online only +Get 25% off $150+ 30% off $250+ OR 35% off $400+ @Club Monaco,"Club Monaco offers up to 35% off Full Priced Items  via coupon code ""CMCYBERMONDAY18"".
Get 25% off $150+ purchase; 30% off $250+ purchase; 35% off $400+ purchase.
Plus, an extra 40% off sale styles.
Free shipping on orders over $150, via coupon code ""FREESHIP"".
Deal ends 11/27 23:59 EST
Coats
Sale
Full-Priced Items
Coats
$311.68 $479.50
Club Monaco Jemma Plaid Coat
Coats
$89.40 $198.50
Club Monaco Violet Feather Vest
Coats
$305.18 $469.50
Club Monaco Lenoria Coat",11/28/2018,11/27/2018,932,1236,726
ClubMonaco,Expired Up To 35% Off Sitewide @ Club Monaco,"Club Monaco offers 25% off $150+ purchase; 30% off $250+ purchase ; 35% off $400+ purchase. via coupon code ""CMBLACKFRIDAY18"".
Free shipping on orders over $150, via coupon code ""FREESHIP"".
Deal ends 11/24
Sale
New Arrivals
Men's
Sale
$244.30 $459.50
Club Monaco Daylina Coat
Sale
$149.25 $289.00
Club Monaco Eleesa Cashmere Turtleneck
Sale
$244.30 $459.50
Club Monaco Daylina Coat",11/25/2018,11/24/2018,229,1054,310
ClubMonaco,Expired Extra 25% Off Coats and Trench Coats @ Club Monaco,"Club Monaco offers an extra 25% off coats and trench coats 
Free shipping on orders over $150 via coupon code ""FREESHIP"".
$104.25 $369.00
Club Monaco Ariyamma Coat
$296.25 $395.00
Club Monaco Mayree Teddy Coat
$371.25 $495.00
Club Monaco Pasqualina Metallic Coat",11/07/2018,,2,24,9
ClubMonaco,Expired Last Day: 25% off Sweaters and Sweater dresses @Club Monaco,"Club Monaco offers 25% off Sweaters and Sweater dresses.
Free shipping on orders over $150.
Deal ends 11/5 23:59.
$36.75 $175.00
Club Monaco Sancerie Sweater
$74.25 $195.00
Club Monaco Shiranda Merino Sweater
$111.00 $148.00
Club Monaco Lailla Sweater",11/05/2018,11/05/2018,9,163,20
ClubMonaco,Expired Extra 30% Off Club Monaco Sale,"Club Monaco offers an extra 30% off Club Monaco Sale.
Free shipping on orders over $150.
Deal ends 10/28 23:59 EST.
$55.30 $98.50
Club Monaco Colorblock Raglan Crew
$69.30 $119.50
Club Monaco Linen Rollneck Sweater
$97.30 $259.00
Club Monaco Embroidered Bomber",10/28/2018,10/28/2018,,10,
ClubMonaco,Expired Extra 30% Off +Up to 60% off Sale @ Club Monaco,"Club Monaco offers an extra 30% off +Up to 60% off Sale. (No code required)
Free shipping on orders over $150.
Deal ends 10/28
$174.30 $398.00
Club Monaco Kasppere Coat
$139.30 $298.00
Club Monaco Isabelle Trench
$160.30 $298.50
Club Monaco Aaylina Trench",10/24/2018,10/28/2018,22,282,49
ClubMonaco,Expired Extra 25% Off Sitewide @Club Monaco,"Club Monaco offers an extra 25% off Sitewide via coupon code ""SHMONACO"".
Free shipping on orders over $150.
$104.25 $168.00
Club Monaco Samyra Shirt
$74.25 $195.00
Club Monaco Shiranda Merino Sweater
$93.75 $125.00
Club Monaco Amerilina Top",10/14/2018,,3,68,14
ClubMonaco,Expired 25% Off When You Spend $150 The Fall Getaway Event @ Club Monaco,"Club Monaco offers 25% off when you spend $150.
Free shipping on orders over $150.
Women
Sale
Women
$359.63 $479.50
Club Monaco Jemma Plaid Coat
Women
$134.63 $179.50
Club Monaco Annina Pleated Skirt
Women
$371.25 $495.00
Thermina Cashmere Sweater",10/08/2018,,6,84,12
ClubMonaco,Expired Extra 30% Off Mid-Season Sale @ Club Monaco,"Club Monaco offers an up to 70%+ extra 30% off Mid-Season Sale.
Free shipping on orders over $150, via coupon code ""FREESHIP"".
Deal ends 10/2.
$41.30 $169.50
Club Monaco Dolice Top
$41.30 $175.00
Club Monaco Ribbone Top
$90.30 $289.00
Club Monaco Tatelyn Cashmere Sweater",10/01/2018,10/02/2018,26,401,107
ClubMonaco,Expired Extra 30% Off Men's Mid-Season Sale @ Club Monaco,"Club Monaco offers an extra 30% off Men's Mid-Season Sale.
Free shipping on orders over $150.
Deal ends 10/2.
$62.30 $98.50
Club Monaco Merino Crew Sweater
$69.30 $139.50
Club Monaco Jaxon Crew Sweater
$55.30 $98.50
Club Monaco Splatter Sweatshirt",09/27/2018,10/02/2018,12,121,52
ClubMonaco,Expired 25% Off Men's And Women's Sweaters Sale @ Club Monaco,"Club Monaco offers 25% off Men's And Women's sweaters sale.
Free shipping on orders over $150,via coupon code ""FREESHIP"".
Deal ends 9/17 23:59.
$104.25 $288.00
Club Monaco Malaina Cashmere Sweater
$96.75 $289.00
Club Monaco Tatelyn Cashmere Sweater
$51.75 $125.00
Club Monaco Kimi Sweater",09/17/2018,09/17/2018,8,129,24
ClubMonaco,Expired Up To 70% Off Sale @Club Monaco,"Club Monaco offers up to 70% off Sale.
Free shipping on orders over $100.
$59.00 $268.00
Club Monaco Wollstan Lace Dress
$69.00 $248.00
Club Monaco Daphins Wrap Dress
$69.00 $88.00
Club Monaco Lilivan Top",09/05/2018,,7,177,29
ClubMonaco,Expired Up to 60% Off + Extra 25% Off Sitewide Sale @ Club Monaco,"Club Monaco offers an up to 60% off + extra 25% off Sitewide Sale, via coupon code ""FALL18"".
Free shipping on orders over $150, via coupon code ""FREESHIP"".
Deal ends 9/3
New arrivals
Sale
New arrivals
$119.63 $159.50
Club Monaco Helek Silk Shirt
New arrivals
$93.75 $125.00
Club Monaco Morganne Top
New arrivals
$93.75 $125.00
Club Monaco Amerilina Top",08/31/2018,09/03/2018,6,58,15
ClubMonaco,Expired Last Day: 25% Off Women's and Men's Bottoms @ Club Monaco,"Club Monaco offers 25% off women's and men's bottoms.
Free shipping on orders over $150 via coupon code ""FREESHIP"".
Deal ends 8/20 23:59.
$66.00 $88.00
Club Monaco Lidiane Legging
$74.25 $195.00
Club Monaco Lolia Linen Skirt
$89.25 $148.00
Club Monaco Vekaranda Sweater Skirt",08/20/2018,08/20/2018,,10,2
ClubMonaco,"Expired Last Day: 25% Off Dresses, Jumpsuits & Rompers and Men's Button Downs @ Club Monaco","Club Monaco offers 25% off Dresses, Jumpsuits & Rompers and Men's Button Downs.
Free shipping on orders over $150 via coupon code ""FREESHIP"".
Deal ends 8/13 23:59.
$126.75 $248.00
Club Monaco Tiphanie Jumpsuit
$141.75 $289.00
Club Monaco Naveah Jumpsuit
$201.00 $268.00
Club Monaco Straayah Jumpsuit",08/13/2018,08/13/2018,6,32,12
ClubMonaco,Expired Last Day: 25% Off Women's Tops @ Club Monaco,"Club Monaco offers 25% off Women's Tops.
Free shipping on orders over $150 via coupon code ""FREESHIP"".
Deal ends 8/6 23:59.
$29.25 $129.50
Club Monaco Kenyatta Top
$36.75 $125.00
Club Monaco Pertina Top
$41.25 $55.00
Club Monaco Tykina Illustration Tee",08/07/2018,08/06/2018,8,72,17
ClubMonaco,Expired Last Day: Up to 65%+ Extra 40% Off Sale Styles @ Club Monaco,"Club Monaco offers an extra 40% off sale styles.
No code required.
Free shipping on orders $150+, via coupon code ""FREESHIP"".
Deal ends 7/30.
$77.40 $188.00
Club Monaco Shapira Dress
$47.40 $168.00
Club Monaco Griga Sweater
$59.40 $125.00
Club Monaco Ractor Skirt",07/30/2018,07/30/2018,73,417,73
ClubMonaco,Expired Up to 30% Off Sitewide @Club Monaco,"Club Monaco offers 20% off of your $200+ order, 25% off of your $300+ order and 30% off of your $400+ order, via coupon code ""SUMMERSTYLE"".
Free shipping on orders $150+, via coupon code ""FREESHIP"".
Deal ends 6/17
$49.00 $78.00
Club Monaco Vallah Top
$99.00 $188.00
Club Monaco Strils Silk Wrap Top
$99.00 $125.00
Club Monaco Ractor Skirt",06/17/2018,06/17/2018,8,122,25
ClubMonaco,Expired 20% Off New Arrivals @Club Monaco,"Club Monaco offers 20% off selected new arrivals.
Free shipping on orders $150+, via coupon code ""FREESHIP"".
Deal ends 6/10
$103.20 $188.00
Club Monaco Shapira Dress
$119.20 $268.00
Club Monaco Griga Dress
$119.20 $248.00
Club Monaco Daphins Wrap Dress",06/08/2018,06/10/2018,,22,4
ClubMonaco,Expired 20% off The Women's Beach Shop @ Club Monaco,"Club Monaco offers 20% off the Beach Shop collection.
Free shipping on orders $150+, via coupon code ""FREESHIP"".
Deal ends 6/3
$65.60 $82.00
Club Monaco Hat Attack Flamingo Clutch
$70.40 $88.00
Club Monaco Solid & Striped Milly Top
$119.20 $149.00
Club Monaco Marysia Mott Top",06/03/2018,06/03/2018,3,48,7
ClubMonaco,Expired 25% Off Your Purchase @ Club Monaco,"Club Monaco offers 25% off your entire purchase, via coupon code ""WARMWELCOME"".
No code required.
Free shipping on orders $150+, via coupon code ""FREESHIP"".
Deal ends 5/28
$74.25 $188.00
Club Monaco Strils Silk Wrap Top
$74.25 $125.00
Club Monaco Ractor Skirt
$89.25 $168.00
Club Monaco Loudra Skirt",05/29/2018,05/28/2018,2,171,21
ClubMonaco,"Expired Last Day: 25% Off Dresses, Jumpsuits& Rompers @ Club Monaco","Club Monaco offers 25% off SS2018 new dresses, jumsuits and rompers sale.
No code required.
Free shipping on orders $150+, via coupon code ""FREESHIP"".
Deal ends 5/20
$96.75 $188.00
Club Monaco Shapira Dress
$111.75 $189.50
Club Monaco Flara Dress
$111.75 $229.00
Club Monaco Marisse Dress",05/21/2018,05/20/2018,8,101,23
ClubMonaco,Expired 20% Off 2 or more Items @ Club Monaco,"Club Monaco offers 20% off 2 or more Items via coupon code ""20FORUS"".
Free shipping on orders over $150 via coupon code ""FREESHIP"".
Deal ends 5/13.
$39.20 $78.00
Club Monaco Vallah Top
$79.20 $188.00
Club Monaco Strils Silk Wrap Top
$95.20 $168.00
Club Monaco Loudra Skirt",05/14/2018,05/13/2018,14,264,28
ClubMonaco,Expired 20% Off Sale Items favorites of the season @ Club Monaco,"Club Monaco offers 20% off favorites of the season items.
Free shipping on orders $150+,  via coupon code ""FREESHIP"".
Deal ends 5/6
$100.00 $125.00
Club Monaco Ractor Skirt
$71.60 $89.50
Club Monaco Amber Short
$76.00 $95.00
Club Monaco Lannah Top",05/04/2018,05/06/2018,4,61,4
ClubMonaco,Expired Additional 30% Off Sale Items Mid Season Sale @ Club Monaco,"Club Monaco offers an extra 30% off sale items.
Free shipping on orders $150+,  via coupon code ""FREESHIP"".
Deal ends 4/30.
$34.30 $78.00
Club Monaco Vallah Top
$34.30 $78.00
Club Monaco Vallah Top
$104.30 $228.00
Club Monaco Raffertiti Skirt",05/01/2018,04/30/2018,163,1048,293
ClubMonaco,Expired Additional 30% Off Sale Items Mid Season Sale @ Club Monaco,"Club Monaco offers additional 30% off sale items Mid Season Sale.
Free shipping on orders over $150, via coupon code ""FREESHIP"".
Deal ends 4/30.
$83.30 $179.50
Club Monaco Ribbed Pocket Cardigan
$55.30 $129.50
Club Monaco Needle Punch Crew
$55.30 $139.50
Club Monaco Wool Henley Sweater",05/01/2018,04/30/2018,4,83,28
ClubMonaco,Expired Up to 60% off + an Extra 30% off @ Club Monaco,"Club Monaco offers an extra 60% off  plus an extra 30% off sale styles.
Free shipping on orders over $150 via coupon code ""FREESHIP"".
Deal ends 4/30
$104.30 $249.00
Club Monaco Sonti Vest
$97.30 $235.00
Club Monaco Lammont Silk Bomber
$69.30 $255.00
Club Monaco Lindawanna Jacket",05/01/2018,04/30/2018,16,99,25
ClubMonaco,Expired Up to 60% off + an Extra 30% off @ Club Monaco,"Club Monaco offers an extra 60% off  plus an extra 30% off sale styles.
Free shipping on orders over $150 via coupon code ""FREESHIP"".
Deal ends 4/30
$34.30 $78.00
Club Monaco Vallah Top
$34.30 $78.00
Club Monaco Vallah Top
$62.30 $129.50
Club Monaco Weylyn Shirt",05/01/2018,04/30/2018,4,62,15
ClubMonaco,Expired Up to 60% off + an Extra 30% off @ Club Monaco,"Club Monaco offers an extra 60% off  plus an extra 30% off sale styles.
Free shipping on orders over $150 via coupon code ""FREESHIP"".
Deal ends 4/30
$90.30 $249.00
Club Monaco Abbygail Silk Dress
$69.30 $269.00
Club Monaco Damarah Lace Dress
$104.30 $228.00
Club Monaco Raffertiti Skirt",05/01/2018,04/30/2018,12,216,41
ClubMonaco,Expired 25% Off Women's Dresses & Men's Tees & Polos @ Club Monaco,"Club Monaco offers 25% off Women's Dresses & Men's Tees & Polos.
Free shipping on orders over $150 via coupon code ""FREESHIP"".
Deal ends 4/15.
Dresses
Man's Top
Dresses
$216.00 $288.00
Club Monaco Nawale Lace Dress
Dresses
$146.25 $195.00
Club Monaco Sarana Slip Dress
Dresses
$246.00 $328.00
Club Monaco Nahala Dress",04/14/2018,04/15/2018,8,54,12
ClubMonaco,Expired 25% Off All Bottoms @ Club Monaco,"Club Monaco offers 25% off all bottoms.
Men's collection click here >>>
Free shipping on orders over $150 via coupon code ""FREESHIP"".
Deal ends 4/2.
Women's Bottoms
Men's Bottoms
Women's Bottoms
$74.25 $195.00
Club Monaco Aryah Pant
Women's Bottoms
$74.25 $148.00
Club Monaco Terwir Pencil Skirt
Women's Bottoms
$66.75 $149.50
Club Monaco Renay Cropped Pant",04/03/2018,04/02/2018,4,99,12
ClubMonaco,Expired Up to 70% off + an Extra 30% off @ Club Monaco,"Club Monaco offers an extra 70% off  plus an extra 30% off sale styles  via coupon code ""SPRING18"".
20% Off $150, 25% Off $250+, 30% Off $350+ .
Free shipping on orders over $150 via coupon code ""FREESHIP"".
Deal ends 3/26
sale
new arrival
sale
$49.00 $129.50
Club Monaco Jearim Shirt
sale
$49.00 $89.50
Club Monaco Agnes Stripe Sweater
sale
$99.00 $175.00
Club Monaco Ribbone Top",03/27/2018,03/26/2018,101,748,214
ClubMonaco,Expired Up to 70% off + an Extra 30% off @ Club Monaco,"Club Monaco offers an extra 70% off  plus an extra 30% off sale styles  via coupon code ""SPRING18"".
20% Off $150, 25% Off $250+, 30% Off $350+ .
Free shipping on orders over $150 via coupon code ""FREESHIP"".
Deal ends 3/26
$99.00 $229.00
Club Monaco Clayre Dress
$126.00 $168.00
Club Monaco Tanara Skirt
$99.00 $269.00
Club Monaco Damarah Lace Dress",03/26/2018,03/26/2018,21,126,29
ClubMonaco,Expired 25% Off Spring's Finest @ Club Monaco,"Club Monaco offers 25% off Spring's Finest.
Free shipping on orders over $150 via coupon code ""FREESHIP"".
Deal ends 3/12.
$44.25 $198.50
Club Monaco Fonzelle Dress
$44.25 $198.50
Club Monaco Sohrabia Dress
$51.75 $198.50
Club Monaco Nahille Sweater Dress",03/09/2018,03/12/2018,11,42,11
ClubMonaco,Expired Up 72% OFF+Extra 25% OFF Club Monaco Men's Clothing Sale,"Club Monaco offers an Club Monaco Men's Clothing Sale，up 72% off+extra 25% off  via coupon code ""REFRESH"".
Free shipping on orders over $150.
$104.25 $229.00
Club Monaco Textured Varsity Bomber
$44.25 $79.50
Club Monaco Slim Micro Gingham Shirt
$96.75 $159.50
Club Monaco Space-Dyed Turtleneck",02/20/2018,,2,60,27
ClubMonaco,Expired 25% Off Any $200+ Purchase @ Club Monaco,"Club Monaco offers 25% off your $200+ purchase, via coupon code ""REFRESH"".
Free shipping on orders $150+.
Deal ends 2/20.
sale
new arrivals
sale
$74.25 $229.00
Club Monaco Asal Sweater
sale
$66.75 $129.50
Club Monaco Rufalina Sweater
sale
$74.25 $229.00
Club Monaco Rubard Sweater Dress",02/20/2018,02/20/2018,31,428,102
ClubMonaco,Expired Red Clothing Sale @ Club Monaco,"Club Monaco offers up to 72% off red clothing sale.
Free shipping on orders $150+.
$99.00 $169.50
Club Monaco Tinashe Sweater
$99.00 $229.00
Club Monaco Rubard Sweater Dress
$249.00 $329.00
Club Monaco Kaelane Dress",02/13/2018,,18,183,43
ClubMonaco,Expired Up to 70% Off + Extra 40% Off Sale Styles @ Club Monaco,"Club Monaco offers up to 70% off + extra 40% off Sale 
Free shipping on orders over $150 via coupon code ""FREESHIP"".
Deal ends 1/15.
Coats
dresses
Coats
$149.40 $398.00
Club Monaco Kasppere Coat
Coats
$143.40 $298.00
Club Monaco Jowdie Blazer
Coats
$239.40 $695.00
Club Monaco Lilja Leather Jacket",01/16/2018,01/15/2018,54,479,139
ClubMonaco,Expired Up to 70% off + Extra 40% off Sale Coats and Jackets @ Club Monaco,"Club Monaco offers an Up to 70% off + Extra 40% off Sale Coats and Jackets.
Free shipping on orders over $150 via coupon code ""FREESHIP"".
Deal ends 1/15.
$149.40 $369.00
Club Monaco Ariyamma Coat
$179.40 $398.00
Club Monaco Eldise Coat
$119.40 $298.00
Club Monaco Elila Trench Coat",01/15/2018,01/15/2018,19,122,39
ClubMonaco,Expired Up to 70% off + Extra 40% off Sale Styles @ Club Monaco,"Club Monaco offers an Up to 70% off + Extra 40% off sale styles
Free shipping on orders over $150 via coupon code ""FREESHIP"".
Deal ends 1/15
$59.40 $229.00
Club Monaco Gracella Dress
$59.40 $229.00
Club Monaco Hamisi Dress
$59.40 $269.00
Club Monaco Damarah Lace Dress",01/14/2018,01/15/2018,15,187,30
ClubMonaco,Expired Up to 60% Off + extra 30% Off Sale,"Club Monaco offers up to 60% off + extra 30% off Sale 
Free shipping on orders over $150 via coupon code ""FREESHIP"".
Coats
dresses
TOPS
Coats
$174.30 $529.00
Club Monaco Ilysa Coat
Coats
$167.30 $298.00
Club Monaco Jowdie Blazer
Coats
$167.30 $349.00
Club Monaco Autumn Wool Coat",01/12/2018,,7,126,26
ClubMonaco,Expired Up to 35% off + an Extra 30% off Sale Styles during Cyber Monday Event @ Club Monaco,"Club Monaco offers an extra 35% off  plus an extra 30% off sale styles  via coupon code ""SHOPMONDAY"".
25% Off $150, 30% Off $250+, 35% Off $400+ .
Free shipping on orders over $150 via coupon code ""FREESHIP"".
Deal ends 11/28
EDITOR'S PICK
FULL PRICE
extra 30% off
EDITOR'S PICK
$160.30 $349.00
Club Monaco Calix Cashmere Sweater
EDITOR'S PICK
$69.30 $149.50
Club Monaco Jonet Sweater
EDITOR'S PICK
$48.30 $159.50
Club Monaco Jone Top",11/29/2017,11/28/2017,782,1289,777
ClubMonaco,Expired Up to 35% off + an Extra 30% off Sale Styles during Cyber Monday Event @ Club Monaco,"Club Monaco offers an extra 35% off  plus an extra 30% off sale styles  via coupon code ""SHOPMONDAY"".
25% Off $150, 30% Off $250+, 35% Off $400+ .
Free shipping on orders over $150 via coupon code ""FREESHIP"".
Deal ends 11/28
$97.30 $298.00
Club Monaco Nanhah Lace Dress
$114.98 $269.00
Club Monaco Bolari Dress
$48.30 $198.50
Club Monaco Ahnn Off the Shoulder Dress",11/29/2017,11/28/2017,3,95,14
ClubMonaco,Expired Up to 35% off + an Extra 30% off Sale Styles during Cyber Monday Event @ Club Monaco,"Club Monaco offers an extra 35% off  plus an extra 30% off sale styles  via coupon code ""SHOPMONDAY"".
25% Off $150, 30% Off $250+, 35% Off $400+ .
Free shipping on orders over $150 via coupon code ""FREESHIP"".
Deal ends 11/28
$278.60 $398.00
Club Monaco Charlottah Coat
$298.35 $459.00
Club Monaco Cahndisse Coat
$278.60 $398.00
Club Monaco Eldise Coat",11/29/2017,11/28/2017,9,30,12
ClubMonaco,Expired Up to Extra 35% OFF Club Monaco Men Outwear Sale,"Club Monaco offers the Men Outwear Salefor extra  35% OFF via coupon code ""SHOPMONDAY"".
25% Off $150, 30% Off $250+, 35% Off $400+ .
Free shipping on orders over $150 via coupon code ""FREESHIP"".
Deal ends 11/28.
$195.30 $369.00
25% Off $150, 30% Off $250+, 35% Off $400+
Club Monaco Peacoat
$209.30 $398.00
25% Off $150, 30% Off $250+, 35% Off $400+
Club Monaco Wool Topcoat
$272.30 $550.00
25% Off $150, 30% Off $250+, 35% Off $400+
Club Monaco Lieutenant Coat",11/29/2017,11/28/2017,4,72,38
ClubMonaco,Expired Last Day: Black Friday Event: Take up to 35% off your purchase @ Club Monaco,"Club Monaco offers an extra 35% off Club Monaco Sale  via coupon code ""SHOPFRIDAY"".
25% Off $150, 30% Off $250+, 35% Off $400+ .
Free shipping on orders over $150 via coupon code ""FREESHIP"".
Deal ends 11/25
WOMAN
COAT
WOMAN
$209.30 $398.00
Club Monaco Wool Topcoat
WOMAN
$244.30 $459.00
Club Monaco Daylina Coat
WOMAN
$174.30 $329.00
Club Monaco Kaelane Dress",11/25/2017,11/25/2017,45,123,36
ClubMonaco,Expired Extra 30% Off Sale Items @ Club Monaco,"Club Monaco offers an extra 30% off sale items.(Discount shown in cart)
Free shipping on orders over $150 via coupon code ""FREESHIP"".
Deal ends 11/21.
$244.30 $459.00
Club Monaco Daylina Coat
$174.30 $349.00
Club Monaco Clayre Coat
$97.30 $229.00
Club Monaco Hardie Jacket",11/15/2017,11/21/2017,23,103,36
ClubMonaco,Expired Up to 40% Off Favorite Women's Styles @ Club Monaco,"Club Monaco offers up to 40% off Favorite Women's Styles, no code needed.
Free shipping on orders over $150, via coupon code ""FREESHIP"".
Deal ends 12/20.
$49.00 $89.50
Club Monaco Mackenzie Merino Sweater
$99.00 $129.50
Club Monaco Gislah Top
$69.00 $89.50
Club Monaco Julie Turtleneck",11/10/2017,12/20/2017,7,67,25
ClubMonaco,Expired Extra 20% OFF Club Monaco Men Outwear Sale,"Club Monaco offers the Club Monaco Men Outwear Sale, Extra 20% OFF.
Free shipping on orders over $150. Elevated Officer's Coat
$239.20 $398.00
Club Monaco Wool Topcoat
$476.00 $595.00
Club Monaco Winter Parka
$143.20 $259.00
Club Monaco Herringbone Harrington Jacket",11/09/2017,,9,26,16
ClubMonaco,Expired Extra 20% Off Club Monaco Sweaters,"Club Monaco offers an extra 20% off Club Monaco Sweaters via coupon code ""SWEATER"".
Free shipping on orders over $150 via coupon code ""FREESHIP"".
$135.60 $169.50
Club Monaco Madhup Sweater
$99.25 $198.50
Club Monaco Bartola Sweater
$159.20 $289.00
Club Monaco Delaynee Cashmere Sweater",11/03/2017,,3,32,6
ClubMonaco,Expired $150 Get 25% OFF Club Monaco Men Outwear Sale,"Club Monaco offers the Club Monaco Men Outwear Sale, $150 get 25% off .
Free shipping on orders over $150. Elevated Officer's Coat
$318.40 $398.00
$150 Get 25% OFF
Club Monaco Wool Topcoat
$446.25 $595.00
$150 Get 25% OFF
Club Monaco Winter Parka
$125.30 $259.00
$150 Get 25% OFF
Club Monaco Herringbone Harrington Jacket",10/25/2017,,21,174,78
ClubMonaco,Expired 25% Off Any Order of $150+ @ Club Monaco,"Club Monaco offers 25% off Any Order of $150+.
Free shipping on orders over $150.
Deal ends 10/23.
$149.25 $269.00
Club Monaco Lidiane Jacket
$149.25 $329.00
Club Monaco Hanne Trench Coat
$276.75 $495.00
Club Monaco Kimana Coat",10/20/2017,10/23/2017,10,151,28
ClubMonaco,Expired Extra 30% Off The Mid-Season Sale @ Club Monaco,"Club Monaco offers an extra 30% off The Mid-Season Sale via coupon code ""FALL30"".
Free shipping on orders over $150.
Deal ends 10/1.
$62.30 $129.50
Club Monaco Plaited Linen Crew Sweater
$69.30 $149.50
Club Monaco Terry Full Zip Hoodie
$153.30 $269.00
Club Monaco Kampare Moto Jacket",10/01/2017,10/01/2017,14,153,34
ClubMonaco,Expired Extra 30% Off Sweaters Sale @ Club Monaco,"Club Monaco offers an extra 30% off Sweaters Sale via coupon code ""FALL30"".
Free shipping on orders over $150.
Deal ends 10/4,2:59.
$125.30 $229.00
Club Monaco Channon Cashmere Sweater
$139.30 $249.00
Club Monaco Thanda Tie-Front Cashmere
$132.30 $239.00
Club Monaco Vidorus Cashmere Sweater",10/01/2017,10/04/2017,,36,8
ClubMonaco,Expired 30% Off Dresses Sale @ Club Monaco,"Club Monaco offers 30% off Dresses Sale via coupon code ""FALL30"".
Free shipping on orders over $150 via coupon code ""FREESHIP"".
Deal ends 10/4 02:59.
$104.30 $189.50
Club Monaco Xabrina Dress
$69.30 $198.50
Club Monaco Evangah Sweater Dress
$97.30 $249.00
Club Monaco Elisabet Cold-Shoulder Dress",10/01/2017,10/04/2017,2,52,7
ClubMonaco,Expired Extra 30% OFF Club Monaco Men's Jacket Shirt Coat Sale,"Club Monaco offers an Club Monaco Men's Jacket Shirt Coat Sale, extra 30% off  via coupon code ""FALL30"".
Free shipping on orders over $150 via coupon code ""FREESHIP"".
$160.30 $329.00
Club Monaco Mac Jacket
$48.30 $98.50
Club Monaco Slim Linen Shirt
$27.30 $89.50
Club Monaco Slim Plaid Shirt",09/20/2017,,,39,17
ClubMonaco,Expired Up to 70% Off End of Summer Event @ Club Monaco,"Club Monaco offers up to 70% off end of summer event.
Free shipping on orders over $150 via coupon code ""FREESHIP"".
$59.00 $198.50
Fonzelle Dress
$119.00 $289.00
Denay Jumpsuit
$199.00 $298.00
Nanhah Lace Dress",09/10/2017,,14,61,19
ClubMonaco,Expired Up to 30% Off Sitewide @ Club Monaco,"Club Monaco offers up to 30% off Sitewide via coupon code ""FALL17"".
Get 20% off $200+, 25% off $300+, and 30% off $400+ 
Free shipping on orders over $150.
Deal ends 9/4.
$59.00 $229.00
Club Monaco Shomer Parka
$41.30 $149.50
Club Monaco Janou Off-the-Shoulder Top
$160.30 $329.00
Club Monaco Lamae Trench Coat",09/05/2017,09/04/2017,23,259,66
ClubMonaco,Expired Up to 70% OFF Club Monaco End of Summer Men's Clothing Sale,"Club Monaco offers up to 70% off Club Monaco End of Summer Men's Clothing Sale .
Free shipping on orders over $150 via coupon code ""FREESHIP"".
$29.00 $98.50
Slim Band-Collar Linen Shirt
$39.00 $69.50
Poplin Trim Henley
$49.00 $98.50
Slim Crinkle Shirt",08/24/2017,,12,53,30
ClubMonaco,Expired 20% Off with Purchase of 2 or More Items @ Club Monaco,"Club Monaco offers 20% off with purchase of 2 or more items.
This offer is applied to your order at checkout.
Free shipping on orders over $150.
Deal ends 8/21.
$179.50
Club Monaco Travus Skirt
$349.00
Club Monaco Tatelyn Bow Slide
$179.50
Club Monaco Annina Skirt",08/21/2017,08/21/2017,23,113,22
ClubMonaco,Expired Extra 25% OFF Club Monaco Men's Button-downs Sale,"Club Monaco offers an extra 25% off Club Monaco Men's Button-downs Sale.
Free shipping on orders over $150.
$29.25 $89.50
Slim Plaid Shirt
$29.25 $89.50
Slim Gingham Shirt
$36.75 $98.50
Slim Mini-Collar Poplin Shirt",08/13/2017,,1,74,44
ClubMonaco,Expired Up to 60% off + Extra 30% Off sale styles @ Club Monaco,"Club Monaco offers up to 60% off  + extra 30% off sale styles.
Free Shipping on orders over $150  via coupon code ""FREESHIP"".
Deal ends 7/31.",08/03/2017,07/31/2017,26,204,63
ClubMonaco,Expired Extra 30% OFF Club Monaco Men's Sale Just Added,"Club Monaco offers an extra 30% off Club Monaco Men's Sale Just Added via coupon code ""FREESHIP"".
Free Shipping on orders over $150.",07/31/2017,,2,15,4
ClubMonaco,Expired Extra 30% OFF Club Monaco Men's Clothing New Styles Sale,"Club Monaco offers an extra 30% off Club Monaco Men's Clothing New Styles Sale .
Free Shipping on orders over $150 via coupon code ""FREESHIP"".",07/24/2017,,5,68,35
ClubMonaco,Expired Up to 70% Off + Extra 30% Off Club Monaco Sale @ Club Monaco,"Club Monaco offers an up to 70% off + extra 30% off Club Monaco Sale.
Free Shipping on orders over $150  via coupon code ""FREESHIP"".
Deal ends 7/30.",07/17/2017,07/30/2017,13,126,54
ClubMonaco,Expired Extra 30% Off Club Monaco Men's Shorts Sale,"Club Monaco offers an extra 30% off Club Monaco Men's Shorts Sale .
Free shipping over $150 via coupon code ""FREESHIP"".",07/01/2017,,5,34,22
ClubMonaco,Expired Up to 60% Off Women's Summer Steal @ Club Monaco,"Club Monaco offers up to 60% off Women's Summer Steal.
Shipping fee is $5, or free shipping on orders over $150 via coupon code ""FREESHIP"".
Deal ends 7/5.",06/25/2017,07/05/2017,10,131,39
ClubMonaco,Expired Up to 60% Off Club Monaco Sale @ Club Monaco,"Club Monaco offers up to 60% off Club Monaco Sale .
Free Shipping on orders over $150 via coupon code ""FREESHIP"".",06/22/2017,,18,152,38
ClubMonaco,Expired Up to 50% Off Club Monaco Sale @ Club Monaco,"Club Monaco offers up to 50% off Club Monaco Sale .
Free Shipping on orders over $150 via coupon code ""FREESHIP"".",05/30/2017,,8,53,22
ClubMonaco,Expired Up to 50% Off Club Monaco Sale @ Club Monaco,"Club Monaco offers up to 50% off Club Monaco Sale.
Free Shipping on orders over $150 via coupon code ""FREESHIP"".",05/30/2017,,15,117,39
ClubMonaco,Expired Up to 30% Off New Arrivals @ Club Monaco,"Club Monaco offers up to 30% off new arrivals via coupon code ""SUMMER"".
20% off orders over $200
25% off orders over $300
30% off orders over $400
Free shipping on orders over $150.
Deal ends 5/22.",05/22/2017,05/22/2017,21,132,24
ClubMonaco,"Expired 25% Off All Women's Jumpsuits, Rompers & Sandals @ Club Monaco","Club Monaco offers 25% off All Women's Jumpsuits, Rompers & Sandals.
Free Shipping on orders over $150 via coupon code ""FREESHIP"".",05/14/2017,,,19,4
ClubMonaco,Expired 25% Off Men's Tees & Polos @ Club Monaco,"Club Monaco offers 25% off Men's Tees & Polos.
Free shipping on orders over $150 via coupon code ""FREESHIP"".
Deal ends 5/14.",05/14/2017,05/14/2017,1,5,4
ClubMonaco,Expired Up to 40% Off + Extra 30% Off sale @ Club Monaco,"Club Monaco offers up to 40% off + extra 30% off.
Free Shipping on orders over $150 via coupon code ""FREESHIP"".",04/30/2017,,28,195,46
ClubMonaco,Expired Up to 60% off Mid-Season Sale @ Club Monaco,"Club Monaco offers up to 60% off Mid-Season Sale when you take an additional 30% off already marked-down Women's styles, No code required.
Free Shipping on orders over $150 via coupon code ""FREESHIP"".
In Stores and online.
Deal ends 4/30.",04/27/2017,04/30/2017,28,152,50
ClubMonaco,Expired 25% off Women’s Trench Coats @ Club Monaco,"Club Monaco offers 25% off Women’s Trench Coats.
Free Shipping on orders over $150 via coupon code ""FREESHIP"".",04/17/2017,,6,43,20
ClubMonaco,Expired Up to 50% Off Club Monaco Sale @Club Monaco,"Club Monaco offers up to 50% off Club Monaco Sale.
Free Shipping on orders over $150 via coupon code ""FREESHIP"".",04/06/2017,,6,57,5
ClubMonaco,Expired Up to 70% Off Dress Sale @ Club Monaco,"Club Monaco offers up to 70% off Dress Sale.
Free Shipping on orders over $150 via coupon code ""FREESHIP"".",03/29/2017,,20,85,22
ClubMonaco,Expired Receive $25 off women’s pants or Men's Sweaters,"Club Monaco offers receive $25 off women’s pants or Men's Sweaters.
Free Shipping on orders over $150 via coupon code ""FREESHIP"".
Deal ends 3/27.",03/24/2017,03/27/2017,3,23,3
ClubMonaco,Expired Starting From $119.5 White Shirt @ Club Monaco,"Club Monaco offers White Shirt starting from $119.5.
Free Shipping on orders over $150.",03/21/2017,,8,25,6
ClubMonaco,Expired Bolari Dress @ Club Monaco,"Club Monaco offers the Bolari Dress for $219.
Free Shipping on orders over $150.",03/15/2017,,,12,2
ClubMonaco,Expired Starting From $100 The New York Fashion Week Exclusive @ Club Monaco,"Club Monaco offers New York Fashion Week Exclusive Starting from $100.
Free Shipping on orders over $150.",03/12/2017,,20,214,41
ClubMonaco,Expired Dealmoon Exclusive ! 20% off full-price styles and free shipping @ Club Monaco,"Dealmoon Birthday Exclusive!
Club Monaco offers 20% off full-price styles and free shipping via coupon code ""DMOON20"".
Free shipping.
Deal ends 3/8.",03/08/2017,03/08/2017,28,140,16
ClubMonaco,Expired Up to 50% Off Stripe Shirts Sale @ Club Monaco,"Club Monaco offers up to 50% off Stripe Shirts Sale.
Free shipping on orders over $150 via coupon code ""FREESHIP"".",03/01/2017,,1,11,26
ClubMonaco,Expired Starting from $39 Women's Sale @ Club Monaco,"Club Monaco offers Women's Sale starting from $39.
Free shipping on orders over $150 via coupon code ""FREESHIP"".",02/27/2017,,4,14,27
ClubMonaco,Expired 25% Off All Women’s Trenches @ Club Monaco,"Club Monaco offers 25% off All Women’s Trenches.
Free shipping on orders over $150 via coupon code ""FREESHIP"".
Deal ends 2/22.",02/18/2017,02/22/2017,10,101,44
ClubMonaco,Expired 25% Off All Men's Woven Shirts @ Club Monaco,"Club Monaco offers 25% off All Men's Woven Shirts.
Free shipping on orders over $150 via coupon code ""FREESHIP"".
Deal ends 2/22.",02/17/2017,02/22/2017,,11,5
ClubMonaco,Expired Up to 50% Off Dress Sale @ Club Monaco,"Club Monaco offers up to 50% off Dress Sale.
Free shipping on orders over $150 via coupon code ""FREESHIP"".",02/14/2017,,4,41,9
ClubMonaco,Expired Free Shipping on All Orders The New York Fashion Week Exclusive @ Club Monaco,"Club Monaco offers free shipping on all orders the New York Fashion Week Exclusive via coupon code ""DMFREESHIP"".
Deal ends 2/12.",02/11/2017,02/12/2017,1,28,14
ClubMonaco,Expired Up to 40% Off Men's Sale @ Club Monaco,"Club Monaco offers up to 40% off Men's Sale.
Free shipping on orders over $150 via coupon code ""FREESHIP"".",02/08/2017,,3,28,4
ClubMonaco,Expired Up to 70% Off Sale @ Club Monaco,"Club Monaco offers up to 70% off Sale.
Free shipping on orders over $150 via coupon code ""FREESHIP"".",02/08/2017,,13,39,15
ClubMonaco,Expired Up to 50% Off+Extra 30% Off Sale Items @ Club Monaco,"Club Monaco offers up to 50% off+ extra 30% off sale items.(Discount shown in cart)
Free shipping on orders over $150 via coupon code ""FREESHIP"".
Deal ends 2/5.",01/27/2017,02/05/2017,24,157,44
ClubMonaco,Expired Extra 40% Off Sale Items @ Club Monaco,"Club Monaco offers an extra 40% off sale items.(Discount shown in cart)
Free shipping on orders over $150.
Deal ends 1/17.",01/15/2017,01/17/2017,43,204,69
ClubMonaco,Expired Extra 30% Off Sale Items @ Club Monaco,"Club Monaco offers an extra 30% off sale items.
Add to cart to see the discount.
Free shipping on orders over $150.
Deal ends 1/17 at 03:00 am EST.",01/05/2017,01/17/2017,4,33,12
ClubMonaco,Expired Extra 40% Off For Up to 65% Off Sale Styles @ Club Monaco,"Club Monaco offers an extra 40% off For Up to 65% Off Sale Styles
Free shipping via coupon code ""HOLIDAY"".
Deal ends 1/4.",12/22/2016,01/04/2016,46,130,35
ClubMonaco,Expired Extra 40% Off Sale Items @ Club Monaco,"Club Monaco offers an extra 40% off sale items .(Discount shown in cart)
Free shipping via coupon code ""HOLIDAY"".
Deal ends 01/03/2017.",12/17/2016,01/03/2016,14,114,26
ClubMonaco,Expired Extra 30% Off Sale & Select Full-Price Coats @ Club Monaco,"Club Monaco offers an extra 30% off sale & select full-price coats .(Discount shown in cart)
Free shipping via coupon code ""HOLIDAY"".
Deal ends 12/15.",12/14/2016,12/15/2016,6,71,13
ClubMonaco,Expired Extra 30% Off Sale Styles @ Club Monaco,"Club Monaco offers an extra 30% off sale items.(Discount shown in cart)
Free shipping on orders over $150 via coupon code ""FREESHIP"".
Deal ends 12/12.",12/08/2016,12/12/2016,5,44,15
ClubMonaco,Expired 30% Off Men’s and Women’s Coats and Men’s Sweaters @ Club Monaco,"Club Monaco offers 30% off men’s and women’s coats and men’s Sweaters via coupon code ""BUNDLEUP"".
Shipping fee is $5, or free shipping on orders over $150.
Exclusions apply.
Deal ends 12/7.",12/06/2016,12/07/2016,12,149,22
ClubMonaco,Expired 30% Off ! Men’s and Women’s Coats & Sale Styles @ Club Monaco,"Club Monaco offers 30% off Men’s and Women’s Coats & Sale Styles via coupon code ""EXTRATHANKS"".
Free Shipping on orders over $150.
Deal ends 11/29.",11/30/2016,11/29/2016,9,45,14
ClubMonaco,Expired Extra 30% Off Sale Items + Up to 35% Off Any Order @ Club Monaco,"Club Monaco offers an extra 30% off sale items + Up to 35% Off Any Order via coupon code ""THANKSAGAIN"".
25% off $150, 30% off $250, or 35% off $400.
Free shipping on orders over $150.
Deal ends 11/28.
  Details:
This offer cannot be used towards the purchase of gift cards, vintage, home, fine jewelry, beauty or the following third-party products: Adina Reyter, Birkenstock, Place Nationale, Viberg, Woolrich, Zespa, Melissa Joy Manning. Offer is not valid on previously purchased merchandise. This offer has no cash value. Offer can be combined with ClubMonaco.com’s 30% off Sale items offer and with free Standard shipping on orders of $150 or more shipped within the United States. ",11/29/2016,11/28/2016,19,89,13
ClubMonaco,Expired Up to 35% Off Black Friday Weekend Event @ Club Monaco,"Club Monaco offers up to 35% off Black Friday Weekend Event via coupon code ""THANKS"".
35% off with purchase of $400+
30% off with purchase of $250+
25% off with purchase of $150+
Free shipping on orders over $150  via coupon code ""FREESHIP"".
Deal ends 11/27.",11/28/2016,11/27/2016,23,129,24
ClubMonaco,Expired Limited Hrs! Extra 30% Off + Up to Extra 35% Off Sale Styles @ Club Monaco,"Club Monaco offers an extra 30% off sale styles  via coupon code ""WINTER16"".
Plus take an extra up to 35% off with purchase of $400+ or 30% off $250+ or 25% off $150 via coupon code ""THANKS"" 
Or free shipping on orders $150+  via coupon code ""FREESHIP"".
Deal ends 11/23",11/24/2016,11/23/2016,27,100,47
ClubMonaco,Expired Extra 30% Off Sale Styles @ Club Monaco,"Club Monaco offers an extra 30% off sale styles  via coupon code ""WINTER16"".
Free shipping on orders $150+  via coupon code ""FREESHIP"".
Deal ends 11/23",11/23/2016,11/23/2016,29,182,53
ClubMonaco,Expired Extra 11% Off Sitewide @ Club Monaco,"Dealmoon Singles Day Exclusive! 
Club Monaco offers an extra 11% off sitewide via coupon code ""DEALMOON11"".
Free shipping on orders over $150  via coupon code ""FREESHIP"".
Deal ends 11/11.",11/11/2016,11/11/2016,6,55,7
ClubMonaco,Expired Up to 30% Off Keep Warm Event @ Club Monaco,"Club Monaco offers up to 30% off during Keep Warm Event.
Free Shipping on orders over $150 via coupon code ""FREESHIP"".
Deal ends 11/15.",11/09/2016,11/15/2016,8,52,8
ClubMonaco,Expired Extra 40% Off Sale and Clearance Dress Styles @ Club Monaco,"Club Monaco offers an extra 40% off sale and clearance dress styles via coupon code ""EXTRA40"".
Free Shipping on orders over $150 via code ""FREESHIP"".",10/07/2016,,10,117,11
ClubMonaco,Expired Up to 60% Off + Extra 40% Off Sale Items @ Club Monaco,"Club Monaco offers an extra 40% off sale items via coupon code ""FAREWELLSUMMER"".
Free Shipping on orders over $150.",09/02/2016,,2,59,11
ClubMonaco,Expired Extra 40% Off Sale and Clearance Dress Styles @ Club Monaco,"Club Monaco offers an extra 40% off sale and clearance dress styles via coupon code ""AUGUST"".
Free Shipping on orders over $150 via code ""Freeship"".",08/17/2016,,4,51,6
ClubMonaco,Expired Extra 40% Off Sale and Clearance Items @ Club Monaco,"Ending Today!
Club Monaco offers an extra 40% off sale and clearance items via coupon code ""AUGUST"".
Free shipping on orders over $150 via coupon code ""FREESHIP"".
Deal ends 8/15.",08/16/2016,08/15/2016,6,130,21
ClubMonaco,Expired Extra 40% Off Shirts @ Club Monaco,"Club Monaco offers an extra 40% off shirts via coupon code ""KEEPCOOL"".
Free Shipping on orders over $150 via coupon code ""FREESHIP"".
Deal ends 8/1 at 03:00 am EST.",08/01/2016,08/01/2016,1,27,3
ClubMonaco,Expired Extra 40% Off Dresses @ Club Monaco,"Club Monaco offers an extra 40% off dresses via coupon code ""KEEPCOOL"".
Free shipping on orders over $150 via coupon code ""FREESHIP"".
Deal ends 8/1 at 03:00 am EST.",08/01/2016,08/01/2016,,25,5
ClubMonaco,Expired Extra 40% Off Sale and Clearance Items @ Club Monaco,"Club Monaco offers an extra 40% off sale and clearance items via coupon code ""KEEPCOOL"".
Free Shipping on orders over $150 via coupon code ""FREESHIP"".
Deal ends 8/1 at 03:00 am EST.",07/18/2016,08/01/2016,,27,6
ClubMonaco,Expired Up to 60% Off + Extra 30% Off Sale and Clearance Styles @ Club Monaco,"Club Monaco offers an Up to 60% Off + Extra 30% Off Sale and Clearance Styles via coupon code ""KEEPCOOL"".
Free Shipping on orders over $150 via coupon code ""FREESHIP"".
  Men | Women",06/28/2016,,,41,4
ClubMonaco,Expired Up to 70% Off + Extra 40% Off Select Dresses Sale @ Club Monaco,"Club Monaco offers an Up to 70% Off + Extra 40% Off Select Dresses Sale via coupon code ""KEEPCOOL"".
Free Shipping on orders over $150 via code ""FREESHIP"".",06/28/2016,,,22,6
ClubMonaco,Expired From $49 Select Dresses Sale @ Club Monaco,"Club Monaco offers Select Dresses Sale From $49.
Free Shipping on orders over $150 via code ""Freeship"".",06/15/2016,,8,25,12
ClubMonaco,Expired From $29 Knits and Tees @ Club Monaco,"Club Monaco offers From $29 Knits and Tees.
Free Shipping on orders over $150 via code ""Freeship"".",06/15/2016,,1,29,7
ClubMonaco,Expired From $39 Select Dresses Sale @ Club Monaco,"Club Monaco offers Select Dresses Sale From $39.
Free Shipping on orders over $150 via code ""Freeship"".",05/20/2016,,27,118,28
ClubMonaco,Expired Up to 50% Off +Extra 30% Off Clearance @ Club Monaco,"Club Monaco offers an Up to 50% Off +Extra 30% Off Clearance  via coupon code ""WARMER"".
Free Shipping on orders over $150.
Deal ends 5/19.",05/20/2016,05/19/2016,11,69,10
ClubMonaco,Expired From $29 + Extra 30% Off Select Swim Sale @ Club Monaco,"Club Monaco offers From $29 Select Swim Sale + Extra 30% off via code ""KEEPCOOL"" .
Free Shipping on orders over $150 via code ""Freeship"".",05/18/2016,,,10,3
ClubMonaco,Expired Up to 50% Off +Extra 30% Off Clearance @ Club Monaco,"Club Monaco offers an Up to 50% Off +Extra 30% Off Clearance  via coupon code ""TAKE30""..
Free Shipping on orders over $150.
Deal ends 4/25.",04/24/2016,04/25/2016,4,56,15
ClubMonaco,Expired Up to 56% Off +Extra 30% Off Clearance @ Club Monaco,"Club Monaco offers an Up to 56% Off +Extra 30% Off Clearance via coupon code ""MARCH30"".
Free Shipping on orders over $150.
Deal ends 3/28.",03/29/2016,03/28/2016,18,110,29
ClubMonaco,Expired Up to 70% Off Select Winter Styles @ Club Monaco,"Club Monaco offers Up to 70% Off Select Winter Styles.
Free Shipping on orders over $150.",03/13/2016,,31,247,55
ClubMonaco,Expired Up to 60% Off + Extra 30% Off sale & clearance @ Club Monaco,"Ending Today! Club Monaco offers an Up to 60% Off + Extra 30% Off sale & clearance via coupon code ""LONGWEEKEND"".
Free Shipping on orders over $150.
Deal ends 2/15.",02/15/2016,02/15/2016,10,49,9
ClubMonaco,Expired Up to 60% Off + Extra 30% Off sale & clearance @ Club Monaco,"Club Monaco offers an Up to 60% Off + Extra 30% Off sale & clearance via coupon code ""JANUARY"".
Free Shipping on orders over $150.
Deal ends 1/24.",01/24/2016,01/24/2016,1,55,11
ClubMonaco,Expired From $19 Sale and Clearance @ Club Monaco,"Club Monaco offers Sale and Clearance From $19 .
Free Shipping on orders over $150.",01/11/2016,,25,136,16
ClubMonaco,Expired Up to 60% Off + Extra 30% Off sale & clearance @ Club Monaco,"Club Monaco offers an Up to 60% Off + Extra 30% Off sale & clearance via coupon code ""JANUARY"".
Free Shipping on orders over $150.
Deal ends 1/24.",01/10/2016,01/24/2016,1,34,8
ClubMonaco,Expired 40% Off Clearance & Sale Items @ Club Monaco,"Club Monaco offers an 40% Off Clearance & Sale via coupon code ""NEWYEAR"".
Free Shipping on orders over $150.",01/03/2016,,20,62,9
ClubMonaco,Expired Extra 40% Off Coat and Jackets Sale @ Club Monaco,"Club Monaco offers an Extra 40% Off Coat and Jackets Sale.
Free shipping.",12/25/2015,,7,27,8
ClubMonaco,Expired 40% Off Clearance & Sale Items @ Club Monaco,"Club Monaco offers an 40% Off Clearance & Sale .
Free Shipping.
Deal ends 12/25.",12/23/2015,12/25/2015,19,80,15
ClubMonaco,Expired Extra 30% Off All Sale and Clearance,"Club Monaco offers an Extra 30% Off All Sale and Clearance .
Add to cart to see the discount.
Shipping fee is $5, Free Shipping on orders over $150 via coupon code ""FREESHIP"".
Deal expires 12/17 at 03:00 am EST.",12/14/2015,12/17/2015,9,87,21
ClubMonaco,Expired Extra 30% Off Sale + Up to Extra 35% Off Entire Site Sale @ Club Monaco,"Club Monaco offers up to an extra 35% off entire site via coupon code ""THANKFUL"".
25% off with orders over $150,
30% off with orders over $250,
35% off with orders over $400
Plus, Extra 30% Off Sale via code THANKFUL.
Free shipping over $150 with any order,  via coupon code ""FREESHIP"".
Deal expires 12/3.",12/01/2015,12/03/2015,34,198,26
ClubMonaco,Expired Extra 40% Off Clearance + 30% Off Sale @ Club Monaco,"Club Monaco offers an Extra 40% Off Clearance+ 30% Off Sale via coupon code ""EXTRATHIRTY"".
Free Shipping on orders over $150 via code ""FREESHIP"".
Deal ends 11/25.",11/25/2015,11/25/2015,6,97,14
ClubMonaco,Expired Extra 30% Off Sale Styles for Men and Women @ Club Monaco,"Club Monaco offers an Extra 30% Off Sale Styles for Men and Women via coupon code ""EXTRATHIRTY"".
Free Shipping on orders over $150 via code ""FREESHIP"".
Deal ends 11/25.",11/19/2015,11/25/2015,5,74,8
ClubMonaco,"Expired Up to 40% Off Select Coats, Hats, Gloves & Scarves @ Club Monaco","Club Monaco offers Up to 40% Off Select Coats, Hats, Gloves & Scarves. Price as marked.
Free Shipping on orders over $150.
Deal ends 11/15.",11/16/2015,11/15/2015,2,54,6
ClubMonaco,Expired Up to 40% Off The Sweater Sale @ Club Monaco,"Club Monaco offers Up to 40% Off The Sweater Sale.
Free Shipping on orders over $150.",11/09/2015,,13,63,8
ClubMonaco,Expired Up to 30% Off The Sweater Sale @ Club Monaco,"Club Monaco offers Up to 30% Off The Sweater Sale.
Free Shipping on orders over $150.",11/04/2015,,,19,1
ClubMonaco,Expired Up to 35% Off Fall Styles Sall @ Club Monaco,"Club Monaco offers Up to 35% Off Fall Styles Sall.
Free Shipping on orders over $150.",10/25/2015,,2,64,
ClubMonaco,Expired Extra 40% Off Sale Items @ Club Monaco,"Club Monaco offers an Extra 40% Off Clearance & Sale Items via coupon code ""4040SALE"".
Free Shipping on orders over $150 via coupon code ""FREESHIP"".
Deal expires 10/12.",10/10/2015,10/12/2015,6,64,
ClubMonaco,Expired Up To an Extra 30% Off Entire Site @ Club Monaco,"Club Monaco offers up to an extra 30% off entire site via coupon code ""SPENDTOGET"".
20% off with orders over $200,
25% off with orders over $300,
30% off with orders over $500
Free shipping over $150 with any order,  via coupon code ""FREESHIP"".
Deal expires 9/20.",09/21/2015,09/20/2015,,44,
ClubMonaco,Expired Extra 40% Off Men's Sale @ Club Monaco,"Club Monaco offers an Extra 40% Off Men's Sale via coupon code ""NOTOVERYET"".
Free Shipping on orders over $150.
Deal ends 9/7.",09/08/2015,09/07/2015,,2,
ClubMonaco,Expired Extra 40% Off Sale Items @ Club Monaco,"Club Monaco offers an Extra 40% Off Clearance & Sale Items via coupon code ""NOTOVERYET"".
Free Shipping on orders over $150.
Deal expires 9/7.",09/07/2015,09/07/2015,,51,
ClubMonaco,Expired Up to 50% Off Women‘s Skirts & Pants @ Club Monaco,"Club Monaco offers up to 50% off on Women‘s Skirts & Pants.
Free shipping on orders over $150.",08/26/2015,,,9,
ClubMonaco,Expired From $49 The Summer Dress Event @ Club Monaco,"Club Monaco offers From $49 The Summer Dress Event.
Free Shipping on orders over $150.",08/24/2015,,,20,
ClubMonaco,Expired Extra 40% Off Select Dresses Sale @ Club Monaco,"Club Monaco offers an Extra 40% Off Select Dresses Sale.
Free Shipping on orders over $150.",08/21/2015,,9,41,
ClubMonaco,Expired Extra 40% Off Sale Items @ Club Monaco,"Club Monaco offers an Extra 40% Off Clearance & Sale Items via coupon code ""SUMMERSALE40"".
Free Shipping on orders over $150.",08/14/2015,,1,6,
ClubMonaco,Expired 30% Off Sale Items @ Club Monaco,"Club Monaco offers 30% Off Clearance & Sale Items . via coupon code ""STILLSUMMER"".
Free Shipping on orders over $150.",08/07/2015,,1,10,
ClubMonaco,Expired Extra 40% Off Clearance +30% Off Sale Items @ Club Monaco,"Club Monaco offers an Exra 40% Off Clearance +30% Off Sale Items via coupon code ""THESALEONSALE"".
Free Shipping on orders over $150.",07/27/2015,,1,51,
ClubMonaco,Expired Up to 40% Off Clearance +30% Off Sale Items @ Club Monaco,"Club Monaco offers Up to 40% Off Clearance 
Free Shipping on orders over $150.",06/24/2015,,10,16,
ClubMonaco,Expired Up to 60% Off Select Women's Dresses Sale @ Club Monaco,"Club Monaco offers Up to 60% Off Select Women's Dresses Sale. 
Free shipping via coupon code ""SUMMERSHIP"".",06/20/2015,,,12,
ClubMonaco,Expired Up to 50% Off + Free Shipping on Sale & Clearance Items @ Club Monaco,"Club Monaco offers Up to 50% Off sale and clearance items
Free shipping on all orders via coupon code ""SUMMERSHIP"".
Deal expires 6/21.",06/17/2015,06/21/2015,2,13,
ClubMonaco,Expired From $89 Select Women's Dresses Sale @ Club Monaco,"Club Monaco offers From $89 Select Women's Dresses Sale.
Free Shipping on orders over $150.",06/13/2015,,4,25,
ClubMonaco,Expired Extra 30% Off Sale and Clearance Items @ Club Monaco,"Club Monaco offers an Extra 30% Off Sale and Clearance items via coupon code ""MEMORIALDAY"".
Free Shipping on orders over $150.",05/25/2015,,,41,
ClubMonaco,Expired Up to 30% Off Spring Dress Sale @ Club Monaco,"Club Monaco offers Up to 30% Off Spring Dress Sale.
Free Shipping on orders over $150.",05/15/2015,,2,31,
ClubMonaco,Expired Up To an Extra 30% Off Entire Site @ Club Monaco,"Club Monaco offers up to an extra 30% off entire site via coupon code ""SPENDSALE"".
20% off with orders over $200,
25% off with orders over $300,
30% off with orders over $500
Free shipping over $150 with any order,  via coupon code ""FREESHIP"".
Deal expires May/10.",05/08/2015,,2,13,
ClubMonaco,Expired Up to 30% Off Spring Dress Event @ Club Monaco,"Club Monaco offers Up to 30% Off Spring Dress Event .
Free Shipping on orders over $150.",04/24/2015,,,25,
ClubMonaco,Expired Extra 30% Off Sale and Clearance Items @ Club Monaco,"Club Monaco offers an Extra 30% Off Sale and Clearance items via coupon code ""SALE30"".
Free Shipping on orders over $150.",04/20/2015,,3,20,
ClubMonaco,Expired Extra 30% Off Sale and Clearance Items @ Club Monaco,"Club Monaco offers an Extra 30% Off Sale and Clearance items via coupon code ""EXTRASALE"".
Free Shipping on orders over $150.
Deal expires 4/6.",04/04/2015,04/06/2015,4,56,
ClubMonaco,Expired Club Monaco Tights,"Club Monaco offers the Club Monaco Tights for $6.3 via coupon code ""EXTRASALE"".",04/02/2015,,,12,
ClubMonaco,Expired Jade Sweater Jacket,"Club Monaco offers the Jade Sweater Jacket for $109.
Free Shipping on orders over $150 via code ""FREESHIP"".",03/26/2015,,,3,
ClubMonaco,Expired Up to 60% Off Men's Clearance @ Club Monaco,"Club Monaco offers Up to 60% Off Men's Clearance .
Free Shipping on orders over $150 via code ""FREESHIP"".",03/18/2015,,,,
ClubMonaco,Expired Up to 30% Off Sitewide @ Club Monaco,"Club Monaco offers an 20% Off $200, 25% Off $300 or 30% Off $500 Sitewide, including sale and clearance items via coupon code ""GETNOW"".
Free Shipping on orders over $150.
Deal ends 3/15.",03/13/2015,03/15/2015,3,16,
ClubMonaco,Expired 25% Off Select Styles @ Club Monaco,"Club Monaco offers 25% Off Select Styles via coupon code ""SELECT25"".
Shipping fee is $5, or free shipping on orders over $150.",03/05/2015,,,7,
ClubMonaco,Expired Karla Dress,"Club Monaco offers the Karla Dress in Pale Pink Metallic for $99.
Free Shipping on orders over $150 via code ""FREESHIP"".",02/25/2015,,,4,
ClubMonaco,Expired 20% Off Full-price and Sale Merchandise in Stores and Online to All College Students@Club Monaco,"Club Monaco offers 20% Off Full-price and Sale Merchandise in Stores and Online to All College Students.
Submit your email address and they'll send you a code to shop online. If you´re going to a Club Monaco store, just present a valid student ID at the time of purchase.",02/20/2015,,25,147,
ClubMonaco,Expired Extra 30% Off Select Women's Shoes Sale @ Club Monaco,"Club Monaco offers an Extra 30% Off Select Women's Shoes Sale via coupon code ""GREATSALE"".
Free Shipping on orders over $150.
Deal ends 2/16.",02/15/2015,02/16/2015,3,8,
ClubMonaco,Expired Extra 40% Off Clearance Items @ Club Monaco,"Club Monaco offers an Extra 30% Off Sale and 40% Off Clearance Merchandise via coupon code ""GREATSALE"".
Free Shipping on orders over $150.
Deal ends 2/16.",02/11/2015,02/16/2015,,12,
ClubMonaco,Expired From $99 Club Monaco Select Coat & Jackets Sale @ Club Monaco,"Club Monaco offers Select Coat & Jackets Sale，from $99.
Free Shipping on orders over $150.",02/11/2015,,,7,
ClubMonaco,Expired Extra 30% Off Sale and Clearance Merchandise @ Club Monaco,"Club Monaco offers an Extra 30% Off Sale and Clearance Merchandise via coupon code ""STAYWARM"".
Free Shipping on orders over $150.
Deal ends 2/8.",02/08/2015,02/08/2015,5,16,
ClubMonaco,Expired Extra 40% Off Select Date Night Styles @ Club Monaco,"Club Monaco offers an Extra 40% Off Select Date Night Styles via coupon code ""STYLELOVE"".
Online Only.
Free Shipping on orders over $150.
Deal ends 2/3.",02/03/2015,02/03/2015,,8,
ClubMonaco,Expired 25% off Select Winter Styles @ Club Monaco,"Club Monaco offers 25% off Select Winter Styles via coupon code ""WEARITNOW"".
Free Shipping on orders over $150.
Deal ends 1/27.",01/23/2015,01/27/2015,,14,
ClubMonaco,Expired Up to 50% Off + Extra 30% Off Sale and Clearance Items @ Club Monaco,"Club Monaco offers an Up to 50% Off + Extra 30% Off Sale and Clearance Items via coupon code ""SALE2015"".
Free Shipping on orders over $150.
Deal ends 1/19.",01/15/2015,01/19/2015,1,8,
ClubMonaco,Expired 25% Off Select Winter Styles @ Club Monaco,"Club Monaco offers 25% Off Select Winter Styles via coupon code ""TAKE25"".
Free Shipping on orders over $150.
Deal expires 1/12.",01/09/2015,01/12/2015,3,5,
ClubMonaco,Expired Extra 40% Off Sale Items + Extra 50% Off Clearance @ Club Monaco,"Club Monaco offers an Extra 40% Off Sale Items + Extra 50% Off Clearance via coupon code ""CHEERS"".
Free Shipping on orders over $150.
Deal expires 1/5 at 03:00 am EST.",01/01/2015,01/05/2015,6,15,
ClubMonaco,Expired Extra 30% Off Sale + Extra 50% Off Clearance @ Club Monaco,"Club Monaco offers an Extra 30% off Sale+Extra 50% off Clearance via coupon code ""HOLIDAYS"".
Free Shipping on orders more than $150.",12/26/2014,,,32,
ClubMonaco,Expired Track Jacket (XL),"Club Monaco offers the Track Jacket (XL) for $54.5 via coupon code ""HOLIDAYS"".
Free Shipping on orders over $150.",12/23/2014,,,1,
ClubMonaco,Expired Extra 30% Off Sale & Clearance Items @ Club Monaco,"Club Monaco offers an Extra 30% Off Sale & Clearance items via coupon code ""GETMORE"".
Free shipping on orders over $150.
Deal expires 12/21.",12/22/2014,12/21/2014,2,27,
ClubMonaco,Expired Up To an Extra 30% Off Entire Site @ Club Monaco,"Club Monaco offers up to an extra 30% off entire site via coupon code ""SPENDGET"".
20% off with orders over $200,
25% off with orders over $300,
30% off with orders over $500
Free shipping with any order.
Deal expires 12/21.",12/17/2014,12/21/2014,,8,
ClubMonaco,Expired Extra 30% Off Sale + Extra 40% Off Clearance @ Club Monaco,"Club Monaco offers an Extra 30% off Sale+Extra 40% off Clearance via coupon code ""SALEONSALE"".
Free Shipping on orders more than $150.
Deal ends 12/16.",12/17/2014,12/16/2014,10,29,
ClubMonaco,Expired Extra 30% off Coats & Jackets Sale @ Club Monaco,"Club Monaco offers an Extra 30% off Coats & Jackets Sale via coupon code ""SALEONSALE"".
Free Shipping on orders over $150.
Deal ends 12/14 PT.

Please check Women's and Men's",12/11/2014,12/14/2014,3,11,
ClubMonaco,Expired 30% off Winter Styles @ Club Monaco,"Club Monaco offers 30% off Winter Styles via coupon code ""WINTERFAVES"".
Free Shipping on orders over $150.
Deal ends 12/7.",12/06/2014,12/07/2014,3,22,
ClubMonaco,Expired Up to 80% Off with Purchase @ Club Monaco,"Club Monaco offers Up to 80% Off with Purchase via coupon code ""CYBERSALE"".
Spend $200+ get 20% off
Spend $300+ get 25% off
Spend $500+ get 30% off
Plus, enjoy an extra 30% off sale and clearance!
Free Shipping on orders over $150.
Deal ends 12/1.",12/01/2014,12/01/2014,,17,
ClubMonaco,Expired Up to 30% Off Black Friday Weekend Sale @ Club Monaco,"Club Monaco offers Up to 30% Off Black Friday Weekend Sale via coupon code ""TGIBF"".
20% off with orders over $200
25% off with orders over $300
30% off with orders over $500
Free Shipping on orders over $150.
Deal expires 12/2 at 03:00 am EST.",11/28/2014,12/02/2014,,18,
ClubMonaco,Expired 30% Off The Cashmere Sale @ Club Monaco,"Club Monaco offers 30% Off The Cashmere Sale via coupon code ""SUPERSOFT"".  (Men's / Women's)
Free Shipping on orders over $150.
Deal ends 11/27.",11/26/2014,11/27/2014,,6,
ClubMonaco,Expired Extra 30% Off Sale Items + Extra 50% Off Clearance @ Club Monaco,"Club Monaco offers an Extra 30% Off Sale Items ,Extra 50% Off Clearance  via coupon code ""OOHSALE"".
Free Shipping on orders over $150.
Deal expires 11/23.",11/24/2014,11/23/2014,12,39,
ClubMonaco,"Expired 30% off with Select Coats, Hats, Scarves and Gloves @ Club Monaco","Club Monaco offers 30% off with Select Coats, Hats, Scarves and Gloves via coupon code ""KEEPWARM"".
Free Shipping on orders over $150.",11/12/2014,,4,5,
ClubMonaco,Expired 30% Off Sweaters Sale @ Club Monaco,"Club Monaco offers 30% Off Men's and Women's Sweaters, via coupon code ""SWEATERS"".
Free Shipping on orders over $150.
Deal ends 11/10.",11/09/2014,11/10/2014,3,10,
ClubMonaco,Expired Up to 50% OFF Sale & Clearance @ Club Monaco,"Club Monaco offers Up to 50% OFF Sale & Clearance.
Free Shipping on orders over $150.",11/04/2014,,2,12,
ClubMonaco,Expired Up to 50% OFF + Extra 40% OFF Clearance Styles @ Club Monaco,"Club Monaco offers an Up to 50% OFF + Extra 40% OFF clearance items via coupon code ""40MORE"".
Free Shipping on orders over $150.
Deal ends 10/27.",10/24/2014,10/27/2014,3,14,
ClubMonaco,Expired Up to 50% Off Select Women's Shoes @ Club Monaco,"Club Monaco offers Up to 50% Off Select Women's Shoes.
Free Shipping on orders over $150.",10/23/2014,,,1,
ClubMonaco,Expired 25% Off Fall Favorites @ Club Monaco,"Club Monaco offers 25% Off Fall Favorites via coupon code ""FALLFAVES"".
Free Shipping on orders over $150.",10/16/2014,,2,5,
ClubMonaco,Expired Extra 30% off Sale + Extra 40% off Clearance @ Club Monaco,"Club Monaco offers an Extra 30% off Sale Shoes + + Extra 40% off Clearance via coupon code ""FALLSALE"".
Free Shipping on orders over $150.
Deal ends 10/13 11:59pm PT.",10/13/2014,10/13/2014,5,19,
ClubMonaco,Expired Extra 40% off Sale Shoes + Clearance @ Club Monaco,"Club Monaco offers an Extra 40% off Sale Shoes + Clearance via coupon code ""YAYSALE"".
Free Shipping on orders over $150.
Deal ends 9/23 03:00 am EST.",09/23/2014,09/23/2014,,,
ClubMonaco,Expired Extra 40% off sale and clearance merchandise @ Club Monaco,"Club Monaco offers an Extra 40% off sale and clearance merchandise via coupon code ""YAYSALE"".
It also offers 20% Off Full-price and Sale Merchandise in Stores and Online to All College Students.(Submit your email address and they'll send you a code to shop online. If you´re going to a Club Monaco store, just present a valid student ID at the time of purchase)
Free Shipping on orders over $150.
Deal ends 9/21.",09/22/2014,09/21/2014,13,17,
ClubMonaco,Expired Up to 50% OFF + Extra 50% OFF Clearance Styles @ Club Monaco,"Club Monaco offers an Extra 50% OFF Clearance Styles and extra 40% OFF sale items via coupon code ""HEYFALL"".
Free Shipping on orders over $150.
Deal ends 9/1",09/02/2014,09/01/2014,10,9,
ClubMonaco,Expired Up to 50% OFF + Extra 40% OFF Sale and Clearance Styles @ Club Monaco,"Club Monaco offers an Up to 50% OFF + Extra 40% OFF Sale and Clearance Styles via coupon code ""GOINGGOING"".
Free Shipping on orders over $150.
Deal ends 8/17.",08/18/2014,08/17/2014,5,5,
ClubMonaco,Expired Up to 50% OFF + Extra 40% OFF Sale and Clearance Styles @ Club Monaco,"Club Monaco offers an Extra 40% OFF Sale and Clearance Styles via coupon code ""SUMMERSALE"".
Free Shipping on orders over $150.",08/11/2014,,1,6,
ClubMonaco,Expired Up to 50% OFF + Extra 40% OFF Sale and Clearance Styles @ Club Monaco,"Club Monaco offers an Extra 40% OFF Sale and Clearance Styles via coupon code ""WEEKEND"".
Free Shipping on orders over $150.
Deal expires 8/3.",08/04/2014,08/03/2014,8,11,
ClubMonaco,Expired Extra 40% OFF Sale and Clearance Styles @ Club Monaco,"Club Monaco offers an Extra 40% OFF Sale and Clearance Styles via coupon code ""EVENMORE"".
Free Shipping on orders over $150.
Deal ends 7/20.",07/21/2014,07/20/2014,2,3,
ClubMonaco,Expired Extra 30% off on sale items @ Club Monaco,"Club Monaco offers an extra 30% off men's and women's sale items with coupon code ""WANTMORE""
Free shipping on orders over $150.",07/14/2014,,3,1,
ClubMonaco,Expired Up to 35% OFF Select Shoes on Sale @Club Monaco,"Club Monaco offers Up to 35% OFF Select Shoes on Sale. No code need.
Free Shipping on orders over $150.",07/08/2014,,,1,
ClubMonaco,Expired 30% off sale styles + 50% off clearance Sale @ Club Monaco,"Club Monaco offers 30% off sale styles + 50% off clearance  via coupon code ""MIDSUMMER"".
Free shipping on orders over $150.
Deal ends 7/6.",07/07/2014,07/06/2014,8,7,
ClubMonaco,Expired Extra 50% off Clearance @ Club Monaco,"Club Monaco offers an extra 50% off men's and women's clearance with coupon code COOL50
Free shipping on orders over $150
Deal ends 6/22",06/23/2014,06/22/2014,18,5,
ClubMonaco,Expired 30% off sale styles + 50% off clearance Memorial Day Sale @ Club Monaco,"Club Monaco offers 30% off sale styles + 50% off clearance Memorial Day Sale via coupon code ""MEM2014"".
Free shipping on orders over $150.
Deal ends 5/26.",05/21/2014,05/26/2014,10,4,
ClubMonaco,Expired Extra 30% OFF All Markdowns @ Club Monaco,"Final Hours! Club Monaco offers Extra 30% OFF All Markdowns via coupon code ""APRIL30"".
Free shipping on orders over $150.
Deal expires 4/21.",04/22/2014,04/21/2014,3,3,
ClubMonaco,Expired Extra 50% OFF on clearance items @ Club Monaco,"Club Monaco offers Extra 50% OFF on clearance items with coupon code SPRING50.
Free shipping on orders over $150.
Please note that final sales-no returns or exchanges accepted.
Deal expires 4/13.",04/13/2014,04/13/2014,6,3,
ClubMonaco,Expired 50% OFF clearance @ Club Monaco,"Club Monaco offers Up to 50% OFF clearance.
Deal expires 4/13.",04/11/2014,04/13/2014,1,3,
ClubMonaco,Expired Up To 70% Off Sale Items @ Club Monaco,"New Items Added! Club Monaco offers up to 70% off sale items.
Free shipping with orders over $150.",04/09/2014,,5,2,
ClubMonaco,Expired Extra 30% off Already-Reduced Items @ Club Monaco,"Club Monaco offers Extra 30% off Already-Reduced Items, via coupon code 30SALE.
Free shipping on orders over $150.
Deal expires 3/23.",03/20/2014,03/23/2014,7,3,
ClubMonaco,Expired Club Monaco Merino V-Neck men's sweater,"Club Monaco offers the Merino V-Neck men's sweater, in 6 colors for $39",03/16/2014,,,,
ClubMonaco,Expired Up To 30% Off @ Club Monaco,"Club Monaco offers up to 30% off via coupon code SPRING.
20% off with orders over $200,
25% off with orders over $300,
30% off with orders over $500
Free shipping with orders over $150.
Deal expires 3/16.",03/13/2014,03/16/2014,18,1,
ClubMonaco,Expired Up to 70% OFF on Men's Shirt @ Club Monaco,"New items Added!
Club Monaco offers Up to 70% OFF on Men's Shirt.
Free shipping over $150.",03/11/2014,,,,
ClubMonaco,Expired Extra 40% OFF Sale items @ Club Monaco,"Club Monaco offers an Extra 40% OFF Sale items via coupon code ""MARCH"".
Free shipping on orders over $150.
Deal expires 3/9.",03/07/2014,03/09/2014,12,1,
ClubMonaco,Expired Additional 50% Off Clearance Styles @ Club Monaco,"Club Monaco offers an additional 50% off clearance styles via coupon code CLEARANCE.
Free shipping with orders over $150.
Deal expires 3/2.",02/28/2014,03/02/2014,8,8,
ClubMonaco,Expired 25% Off select shoes @ Club Monaco,"Club Monaco offers 25% off on select shoes, no code needed, discount taken in cart
Free shipping on orders of $150 or more
Deal ends 2/23",02/21/2014,02/23/2014,2,1,
ClubMonaco,Expired Up to 70% OFF+Extra 30% Off Already Reduced Merchandise @ Club Monaco,"Club Monaco offers Up to 70% OFF+ an Extra 30% Off Already Reduced Merchandise via code WEARNOW .
Free shipping on orders over $150. ",02/12/2014,,18,3,
ClubMonaco,Expired Extra 50% off Clearance items @ Club Monaco,"Club Monaco offers an Extra 50% off Clearance items via coupon code LASTCHANCE.
Free shipping with order over $150.
Deal expires 1/28.",01/26/2014,01/28/2014,14,2,
ClubMonaco,Expired Ori Peplum Top (2 colors) @ Club Monaco,"Club Monaco offers Extra 50% off Ori Peplum Top (2 colors) for $34.50 via coupon code LASTCHANCE.
Free shipping with order over $150.
Deal expires 1/28.",01/25/2014,01/28/2014,4,,
ClubMonaco,Expired Up To 75% Off Sale Items @ Club Monaco,"Club Monaco offers up to 75% off sale items.
Free shipping with orders over $150.",01/23/2014,,11,1,
ClubMonaco,Expired Extra 40% off Club Monaco Men's and Women's Clearance,"Club Monaco offers an extra 40% off on Men's and Women's Sale items with coupon code COZY
Free shipping on orders over $150",01/20/2014,,6,7,
ClubMonaco,Expired Extra 40% off Club Monaco Men's and Women's Clearance,"Club Monaco offers an extra 40% off on Men's and Women's Clearance with coupon code WINTER40
Free shipping on orders over $150",01/01/2014,,1,2,
ClubMonaco,Expired Up to 70% OFF+Extra 30% Off Already Reduced Merchandise @ Club Monaco,"Club Monaco offers Up to 70% OFF+ an Extra 30% Off Already Reduced Merchandise via code HAPPY2014
Free shipping on orders over $150. ",12/30/2013,,4,2,
ClubMonaco,Expired Extra 40% Off Already Reduced Merchandise @ Club Monaco,"Club Monaco offers an extra 40% off Already Reduced Merchandise via coupon code WINTER40.
Free shipping with orders over $150.
Deal expires 12/29.",12/26/2013,12/29/2013,2,2,
ClubMonaco,Expired Extra 30% Off Already Reduced Merchandise @ Club Monaco,"Club Monaco offers an Extra 30% Off Already Reduced Merchandise via code WINTER
Free shipping on orders over $150. ",12/23/2013,,1,,
ClubMonaco,Expired Up to $125 OFF on Orders over $200 or more＋ 30% OFF Already-Reduced Items @Club Monaco,"Club Monaco offers $50 off $200, $75 off $300 or $125 off $400 via code SPEND2SAVE.
And extra 30% off with Sale Items purchase.
Free shipping on orders over $150.",12/22/2013,,2,1,
ClubMonaco,Expired Extra 30% Off Already Reduced Merchandise @ Club Monaco,"Club Monaco offers an Extra 30% Off Already Reduced Merchandise via code HAPPY30.
Free shipping on orders over $150. 
Deal ends 12/18.",12/13/2013,12/18/2013,2,1,
ClubMonaco,Expired Extra 30% Off Clearance @ Club Monaco,"Club Monaco offers Extra 30% Off Clearance via coupon code 30OFF.
Free shipping with order over $150.
Deal expires 12/9.",12/07/2013,12/09/2013,1,1,
ClubMonaco,Expired Up To 30% Off Sitewide @ Club Monaco,"Club Monaco offers up to 30% off sitewide + free shipping via coupon code CYBER during Cyber Weekend Sale.
20% off with orders over $200
25% off with orders over $250
30% off with orders over $300
Deal expires 12/2.",12/02/2013,12/02/2013,23,8,
ClubMonaco,Expired Lorna Neoprene Party Dress + Autumn Calf Hair Bootie @Club Monaco,"Club Monaco offers Lorna Neoprene Party Dress + Autumn Calf Hair Bootie for $415.45 (was $593.5) with free shipping via code CYBER.
Click here to get more Club Monaco Cyber weekend Sale Details.",12/01/2013,,,1,
ClubMonaco,Expired Extra 30% Off Already Reduced Merchandise @ Club Monaco,"Club Monaco offers an Extra 30% Off Already Reduced Merchandise via code THANKS30.
Free shipping on orders over $150. 
Deal ends 11/29.",11/25/2013,11/29/2013,11,3,
ClubMonaco,Expired 30% Off select Cashmere @ Club Monaco,"Club Monaco offers 30% Off select Cashmere with coupon code CASHMERE30
Eligible items as marked
Free shipping on orders over $150.",11/20/2013,,1,2,
ClubMonaco,Expired 30% Off select Sweaters sale @ Club Monaco,"Club Monaco offers 30% Off select Sweaters sale with coupon code COZY30
Eligible items as marked
Free shipping on orders over $150.
Deal expires 11/17.",11/15/2013,11/17/2013,,,
ClubMonaco,Expired 30% Off select Coats sale @ Club Monaco,"Club Monaco offers 30% Off select Coats sale with coupon code COVERUP
Eligible items as marked
Free shipping on orders over $150
Deal expires 11/10",11/07/2013,11/10/2013,7,2,
ClubMonaco,Expired Up to 70% Off New Markdowns @ Club Monaco,"Club Monaco offers Up to 70% Off New Markdowns
Free shipping on orders over $150",11/05/2013,,1,2,
ClubMonaco,Expired Up to 60% Off +extra 30% OFF Sale Items @ Club Monaco,"Club Monaco offers Up to 60% Off +extra 30% OFF Sale Items with coupon code LASTCHANCE30
Free shipping on orders over $150
Deal expires 10/30",10/29/2013,10/30/2013,2,2,
ClubMonaco,Expired Up to 50% Off Sale Items @ Club Monaco,"Club Monaco offers Up to 50% Off Sale Items
Free shipping",10/11/2013,,7,,
ClubMonaco,Expired Additional 30% Off Already Reduced Styles @ Club Monaco,"Club Monaco offers Additional 30% Off Already Reduced Styles with coupon code: EXTRA30
Free shipping
Deal expires 9/22",09/19/2013,09/22/2013,8,,
ClubMonaco,Expired Extra 50% Off Already Reduced Styles @Club Monaco,"Club Monaco offers an Extra 50% Off Already Reduced Styles via code FINAL50.
Free shipping on all orders (choose Economy shipping).",09/01/2013,,17,,
ClubMonaco,Expired Weekend Special! Extra 40% Off Already Reduced Styles @Club Monaco,"Club Monaco Weekend Special offers an Extra 40% Off Already Reduced Styles via code HOT40.
Free shipping on all orders (choose Economy shipping).
Deal ends 8/18.",08/18/2013,08/18/2013,12,,
ClubMonaco,Expired Extra 40% OFF Sale Items @ Club Monaco,"Club Monaco offers extra 40% off sale items via coupon code AUG40.
Free shipping on all orders (choose Economy shipping).
Deal expires 8/13",08/12/2013,08/13/2013,6,1,
ClubMonaco,Expired Club Monaco Hackey Sack,Club Monaco offers the Club Monaco Hackey Sack for $5 with free shipping.,07/30/2013,,1,,
ClubMonaco,Expired Extra 40% OFF Sale Items @ Club Monaco,"Update: Sale extended to July 22
Club Monaco offers extra 40% off sale items via coupon code SUMMER40.
Free shipping on all orders (choose Economy shipping).",07/20/2013,,15,3,
ClubMonaco,Expired 40% Off all Men's and Women's Shorts @ Club Monaco,"Club Monaco offers 40% Off all Men's and Women's Shorts with code SHORTS40
Free shipping",07/08/2013,,2,,
ClubMonaco,Expired Extra 30% Off Select Men's and Women's Sale Items @ Club Monaco,"Club Monaco offers an extra 30% off select men's and women's sale items via coupon code ""SUMMER30"" with free shipping.
Deal expires 7/7.",07/04/2013,07/07/2013,1,,
ClubMonaco,Expired Extra 30% OFF Sale Items @ Club Monaco,"Club Monaco offers extra 30% off sale items via coupon code SUMMER30.
Free shipping on all orders (choose Economy shipping).
Offer expires 2013-07-08",06/27/2013,,4,,
ClubMonaco,Expired Up to 65% OFF Summer Sale @ Club Monaco,"Club Monaco offers Up to 65% OFF Summer Sale.
Free shipping on all orders.
Women
Men",06/20/2013,,3,2,
ClubMonaco,Expired Up to an extra 30% OFF Sitewide @ Club Monaco,"Club Monaco offers 20% OFF of orders over $150, 25% OFF of orders over $200, or 30% OFF of orders over $250 via coupon code ""STAYCOOL"".
Free shipping on all orders.
Deal ends June 17.",06/17/2013,,7,,
ClubMonaco,Expired Extra 30% OFF Sale Items @ Club Monaco,"Club Monaco offers extra 30% off sale items via coupon code MEMORIAL30.
Free shipping on all orders (choose Economy shipping).
Offer expires 2013-05-27.",05/27/2013,,6,,
ClubMonaco,Expired Extra 30% OFF Sale Items @ Club Monaco,"Club Monaco offers extra 30% off sale items via coupon code SPRING30.
Free shipping on all orders (choose Economy shipping).
Offer expires 2013-04-29.",04/26/2013,,12,,
ClubMonaco,Expired Extra 20% OFF Sitewide @ Club Monaco,"Club Monaco offers Extra 20% OFF Sitewide with code 20JUST4U, including up to 60% OFF sale items
Free shipping
Deal expires 3/22/2013",03/22/2013,03/22/2013,16,,
ClubMonaco,Expired Up to Extra 30% OFF Sitewide @ Club Monaco,"Club Monaco offers 20% OFF of orders over $150, 25% OFF of orders over $200, or 30% OFF of orders over $250 via coupon code ""SAVEMORE"".
Free shipping on all orders.
Deal ends Mar 17.",03/17/2013,,18,,
ClubMonaco,Expired Up to 65% OFF Women's & Men's Apparel & Accessories Sale @ Club Monaco,"Club Monaco offers Up to 65% OFF Women's & Men's Apparel & Accessories Sale. Free shipping on all orders.
Women
Men",03/08/2013,,7,,
ClubMonaco,Expired Extra 20% OFF when you spend $150 + free shipping @ Club Monaco,"Club Monaco offers Extra 20% OFF when you spend $150 + free shipping with code SPRING20
Deal expires 3/3/2013",03/02/2013,03/03/2013,1,,
